{
  "calculator" : {
    "transaction" : "calculator",
    "sampleCount" : 400,
    "errorCount" : 0,
    "errorPct" : 0.0,
    "meanResTime" : 1855.1175000000012,
    "medianResTime" : 1644.0,
    "minResTime" : 817.0,
    "maxResTime" : 5018.0,
    "pct1ResTime" : 2663.9,
    "pct2ResTime" : 3276.0,
    "pct3ResTime" : 4607.98,
    "throughput" : 2.620201755535176,
    "receivedKBytesPerSec" : 123.45397861260318,
    "sentKBytesPerSec" : 0.34287796410323595
  },
  "Tutorial" : {
    "transaction" : "Tutorial",
    "sampleCount" : 400,
    "errorCount" : 0,
    "errorPct" : 0.0,
    "meanResTime" : 1369.8600000000006,
    "medianResTime" : 1229.0,
    "minResTime" : 408.0,
    "maxResTime" : 5321.0,
    "pct1ResTime" : 2147.9,
    "pct2ResTime" : 2453.9,
    "pct3ResTime" : 4088.9000000000046,
    "throughput" : 2.618332253271279,
    "receivedKBytesPerSec" : 72.8453784799272,
    "sentKBytesPerSec" : 0.35030421747867696
  },
  "Total" : {
    "transaction" : "Total",
    "sampleCount" : 2000,
    "errorCount" : 0,
    "errorPct" : 0.0,
    "meanResTime" : 1407.2660000000005,
    "medianResTime" : 1230.0,
    "minResTime" : 405.0,
    "maxResTime" : 8192.0,
    "pct1ResTime" : 2155.8,
    "pct2ResTime" : 2663.0,
    "pct3ResTime" : 4094.99,
    "throughput" : 12.740882306099698,
    "receivedKBytesPerSec" : 375.10700350374265,
    "sentKBytesPerSec" : 1.7742673992673994
  },
  "formulas" : {
    "transaction" : "formulas",
    "sampleCount" : 400,
    "errorCount" : 0,
    "errorPct" : 0.0,
    "meanResTime" : 1199.1825000000001,
    "medianResTime" : 1025.0,
    "minResTime" : 406.0,
    "maxResTime" : 6349.0,
    "pct1ResTime" : 1843.0,
    "pct2ResTime" : 2253.95,
    "pct3ResTime" : 3890.99,
    "throughput" : 2.625326524986545,
    "receivedKBytesPerSec" : 59.380066059778684,
    "sentKBytesPerSec" : 0.36662274714167575
  },
  "Currency " : {
    "transaction" : "Currency ",
    "sampleCount" : 400,
    "errorCount" : 0,
    "errorPct" : 0.0,
    "meanResTime" : 1200.0425000000007,
    "medianResTime" : 1024.0,
    "minResTime" : 406.0,
    "maxResTime" : 4814.0,
    "pct1ResTime" : 1946.9,
    "pct2ResTime" : 2350.049999999999,
    "pct3ResTime" : 4592.670000000012,
    "throughput" : 2.6007971443247353,
    "receivedKBytesPerSec" : 50.260912782267766,
    "sentKBytesPerSec" : 0.38859566707195753
  },
  "Chart" : {
    "transaction" : "Chart",
    "sampleCount" : 400,
    "errorCount" : 0,
    "errorPct" : 0.0,
    "meanResTime" : 1412.1274999999996,
    "medianResTime" : 1229.5,
    "minResTime" : 405.0,
    "maxResTime" : 8192.0,
    "pct1ResTime" : 2149.0,
    "pct2ResTime" : 2658.9,
    "pct3ResTime" : 4087.0300000000025,
    "throughput" : 2.618315114223997,
    "receivedKBytesPerSec" : 79.40091722851345,
    "sentKBytesPerSec" : 0.37331445964521826
  }
}